{"stats":{"minecraft:mined":{"minecraft:dark_oak_planks":1,"minecraft:dark_oak_leaves":19,"minecraft:dark_oak_log":211,"minecraft:clay":1,"minecraft:crafting_table":1,"minecraft:torch":1,"minecraft:granite":1,"minecraft:short_grass":2,"minecraft:grass_block":12,"minecraft:mushroom_stem":5,"minecraft:copper_ore":1,"minecraft:diorite":37,"minecraft:birch_log":13,"minecraft:iron_ore":22,"minecraft:birch_leaves":2,"minecraft:oak_log":11,"minecraft:coal_ore":45,"minecraft:gravel":4,"minecraft:sand":66,"minecraft:dirt":26,"minecraft:red_mushroom_block":45,"minecraft:stone":68,"minecraft:oak_leaves":10},"minecraft:killed_by":{"minecraft:zombie":1},"minecraft:killed":{"minecraft:zombie":1,"minecraft:enderman":1,"minecraft:cow":3},"minecraft:broken":{"minecraft:stone_axe":1,"minecraft:stone_pickaxe":1},"minecraft:picked_up":{"minecraft:birch_log":13,"minecraft:charcoal":8,"minecraft:crafting_table":1,"minecraft:clay_ball":8,"minecraft:water_bucket":1,"minecraft:andesite":16,"minecraft:leather":3,"minecraft:red_mushroom":10,"minecraft:acacia_button":1,"minecraft:oak_log":10,"minecraft:gunpowder":2,"minecraft:dirt":69,"minecraft:cooked_mutton":5,"minecraft:bone":4,"minecraft:iron_ingot":3,"minecraft:stone_pickaxe":4,"minecraft:beef":5,"minecraft:iron_pickaxe":1,"minecraft:iron_sword":1,"minecraft:dark_oak_sapling":6,"minecraft:stick":9,"minecraft:raw_iron":30,"minecraft:torch":15,"minecraft:gravel":21,"minecraft:sand":66,"minecraft:ink_sac":3,"minecraft:diorite":40,"minecraft:dark_oak_log":247,"minecraft:dark_oak_planks":1,"minecraft:arrow":4,"minecraft:stone_shovel":2,"minecraft:rotten_flesh":1,"minecraft:polished_diorite":32,"minecraft:stone_axe":1,"minecraft:granite":4,"minecraft:coal":49,"minecraft:wooden_axe":2,"minecraft:cobblestone":82},"minecraft:crafted":{"minecraft:cooked_beef":8,"minecraft:oak_planks":12,"minecraft:stone_shovel":2,"minecraft:crafting_table":3,"minecraft:iron_sword":1,"minecraft:furnace":2,"minecraft:bucket":1,"minecraft:birch_planks":4,"minecraft:stone_axe":2,"minecraft:polished_diorite":32,"minecraft:charcoal":11,"minecraft:stick":28,"minecraft:iron_ingot":9,"minecraft:iron_pickaxe":1,"minecraft:stone_pickaxe":1,"minecraft:wooden_axe":2,"minecraft:chest":1,"minecraft:dark_oak_planks":36,"minecraft:torch":24},"minecraft:custom":{"minecraft:interact_with_furnace":15,"minecraft:mob_kills":5,"minecraft:interact_with_crafting_table":21,"minecraft:leave_game":11,"minecraft:time_since_death":3373,"minecraft:time_since_rest":3625,"minecraft:sprint_one_cm":73254,"minecraft:damage_taken":635,"minecraft:walk_one_cm":121866,"minecraft:drop":3,"minecraft:damage_dealt":1094,"minecraft:swim_one_cm":559,"minecraft:fly_one_cm":22203,"minecraft:open_chest":1,"minecraft:crouch_one_cm":222,"minecraft:play_time":93952,"minecraft:deaths":1,"minecraft:sneak_time":4017,"minecraft:walk_under_water_one_cm":838,"minecraft:jump":449,"minecraft:walk_on_water_one_cm":5787,"minecraft:total_world_time":93952,"minecraft:fall_one_cm":7047},"minecraft:dropped":{"minecraft:cooked_beef":8,"minecraft:rotten_flesh":1,"minecraft:beacon":5},"minecraft:used":{"minecraft:cooked_mutton":3,"minecraft:stone_shovel":97,"minecraft:stone_pickaxe":217,"minecraft:chest":1,"minecraft:iron_sword":36,"minecraft:cookie":20,"minecraft:torch":12,"minecraft:dirt":20,"minecraft:crafting_table":4,"minecraft:dark_oak_planks":1,"minecraft:wooden_axe":52,"minecraft:stone_axe":213,"minecraft:furnace":2,"minecraft:bucket":1}},"DataVersion":3953}